, ,,,Week 7 - Deadline is 10am Thursday 4th December,,,,,,,,,,,,,,,,,,,,,
,,,,,,,,,,,,,,,,,,,,,,,,,
,,,,Monday,,Tuesday,,Wednesday,,Thursday,,Friday,,Saturday,,Sunday,,,,,,,,,
,No.,Store,Window,Forecast,Confirmed,Forecast,Confirmed,Forecast,Confirmed,Forecast,Confirmed,Forecast,Confirmed,Forecast,Confirmed,Forecast,Confirmed,Total Hours provided,Forecasted Hours,Guide Hours,Required Flex,Provided vs Forecasted Hours,Provided vs Guide Hours,Reason for not meeting Headcount,Actions being taken to resolve for future weeks
,160,Aberdeen,07.30-9.30,3,3,3,3,2,2,3,3,4,4,4,4,3,3,,,,,,,,
#REF!,160,Aberdeen,09.30-11.30,3,3,3,3,3,3,3,3,4,4,5,5,4,4,,,,,,,,
#REF!,160,Aberdeen,11.30-13.30,4,4,3,3,3,3,3,3,4,4,5,5,4,4,,,,,,,,
#REF!,160,Aberdeen,13.30-15.30,4,4,3,3,3,3,2,2,3,3.5,3,3,3,3,,,,,,,,
#REF!,160,Aberdeen,15.30-17.30,3,3,2,2,2,2,2,2,2,2,2,2,2,2,,,,,,,,
,160,Aberdeen,Total Hours,34,34,28,28,26,26,26,26,34,35,38,38,32,32,219,218,219,-1,1,0,,
,107,Anlaby,07.30-9.30,3,3,2,2,2,2,2,2,3,3,4,4,3,3,,,,,,,,
#REF!,107,Anlaby,09.30-11.30,6,6.5,6,6,6,6,6,6,7,6.5,8,8.5,8,8,,,,,,,,
#REF!,107,Anlaby,11.30-13.30,6,6.5,6,5.5,6,5.5,6,5.5,7,6.5,8,7.5,8,7,,,,,,,,
#REF!,107,Anlaby,13.30-15.30,4,4,3,3.5,3,4,3,3,5,5.5,5,4.5,5,5,,,,,,,,
#REF!,107,Anlaby,15.30-17.30,2,2,2,2,2,2,2,2,2,2,3,3,2,3,,,,,,,,
,107,Anlaby,Total Hours,42,44,38,38,38,39,38,37,48,47,56,55,52,52,312,312,312,0,0,0,,
#REF!,179,Anniesland,05.30-7.30,7,7,7,7,6,6,6,6,7,7,8,8,8,8,,,,,,,,
#REF!,179,Anniesland,07.30-9.30,13,13,12,12,12,12,13,13,15,15,16,16,14,14,,,,,,,,
#REF!,179,Anniesland,09.30-11.30,14,14,12,12,12,12,12,13,14,15,16,16,15,15,,,,,,,,
#REF!,179,Anniesland,11.30-13.30,14,14,11,11,9,9,12,12,15,15,17,16,15,15,,,,,,,,
#REF!,179,Anniesland,13.30-15.30,11,11,8,8,9,9,9,9,13,12,14,14,13,13,,,,,,,,
#REF!,179,Anniesland,15.30-17.30,8,8,7,7,7,7,8,7,8,8,8,9,9,9,,,,,,,,
#REF!,179,Anniesland,17.30-19.30,4,4,4,4,4,4,4,5,5,5,4,4,5,5,,,,,,,,
,179,Anniesland,Total Hours,142,142,122,122,118,118,128,130,154,154,166,166,158,158,990,988,990,-2,2,0,,
#REF!,97,Belle vale,05.30-7.30,5,6,5,4,5,4,5,4,5,5,6,6,6,4,,,,,,,,
#REF!,97,Belle vale,07.30-9.30,10,9.5,8,7,8,7.5,9,7,11,11,11,12.5,11,10,,,,,,,,
#REF!,97,Belle vale,09.30-11.30,10,11,8,8.5,8,7,9,9,11,11.5,11,12,11,12,,,,,,,,
#REF!,97,Belle vale,11.30-13.30,10,10,7,7.5,7,10.5,8,8,11,11,11,10.5,11,12,,,,,,,,
#REF!,97,Belle vale,13.30-15.30,8,8.5,7,6.5,7,7,7,8.5,10,8.5,10,9,10,10.5,,,,,,,,
#REF!,97,Belle vale,15.30-17.30,6,4,6,5.5,6,6,6,7,7,6,9,7,8,7,,,,,,,,
#REF!,97,Belle vale,17.30-19.30,4,4,4,6,4,3,5,5.5,4,6,5,6,4,5.5,,,,,,,,
,97,Belle vale,Total Hours,106,106,90,90,90,90,98,98,118,118,126,126,122,122,750,750,750,0,0,0,,
,40,Bishop Auckland,09.30-11.30,4,4,3,3,3,3,3,3,4,4,4,4,4,4,,,,,,,,
#REF!,40,Bishop Auckland,11.30-13.30,4,4,3,3,3,3,3,3,4,4,4,4,4,4,,,,,,,,
#REF!,40,Bishop Auckland,13.30-15.30,3,3,2,2,2,2,2,2,3,3,3,3,3,3,,,,,,,,
,40,Bishop Auckland,Total Hours,22,22,16,16,16,16,16,16,22,22,22,22,22,22,136,136,137,-1,0,-1,,
,108,Boroughbridge,09.30-11.30,2,2,2,2,2,2,2,2,2,2,3,3,3,3,,,,,,,,
#REF!,108,Boroughbridge,11.30-13.30,2,2,2,2,2,2,2,2,2,2,3,3,3,3,,,,,,,,
#REF!,108,Boroughbridge,13.30-15.30,2,2,2,1.5,2,1.5,2,2,2,1.5,2,2,2,2,,,,,,,,
,108,Boroughbridge,Total Hours,12,12,12,11,12,11,12,12,12,11,16,16,16,16,89,92,91,1,-3,-2,,
#REF!,91,Byker,05.30-7.30,6,6,6,6,5,5,5,5,7,7,6,6,7,7,,,,,,,,
#REF!,91,Byker,07.30-9.30,11,11,10,10,9,9,10,10,13,13,13,13,12,12,,,,,,,,
#REF!,91,Byker,09.30-11.30,11,11,10,10,10,10,10,10,12,12,15,15,13,13,,,,,,,,
#REF!,91,Byker,11.30-13.30,11,11,10,10,10,10,10,10,12,12,15,15,13,13,,,,,,,,
#REF!,91,Byker,13.30-15.30,10,10,8,8,9,9,10,10,11,11,12,12,11,11,,,,,,,,
#REF!,91,Byker,15.30-17.30,7,7,5,5,5,5,7,7,7,7,7,7,6,6,,,,,,,,
#REF!,91,Byker,17.30-19.30,4,4,3,3,4,4,5,5,4,4,4,4,3,3,,,,,,,,
,91,Byker,Total Hours,120,120,104,104,104,104,114,114,132,132,144,144,130,130,848,848,849,-1,0,-1,,
#REF!,136,Cardonald,05.30-7.30,4,4,4,4,3,3,4,4,4,4,5,5,4,4,,,,,,,,
#REF!,136,Cardonald,07.30-9.30,8,7.5,7,5.5,8,6.5,8,6.5,9,8.5,9,9.5,11,10.5,,,,,,,,
#REF!,136,Cardonald,09.30-11.30,8,8.5,8,8,8,8.5,7,7.5,9,9,10,10.5,11,11.5,,,,,,,,
#REF!,136,Cardonald,11.30-13.30,8,8,8,8.5,6,7.5,7,8,9,9.5,10,10.5,11,10,,,,,,,,
#REF!,136,Cardonald,13.30-15.30,7,7,7,7.5,6,6,7,6.5,9,7.5,9,7.5,8,8,,,,,,,,
#REF!,136,Cardonald,15.30-17.30,6,5.5,5,5.5,5,3.5,6,5.5,6,6.5,7,6.5,6,6,,,,,,,,
#REF!,136,Cardonald,17.30-19.30,3,5,3,3,3,3,3,4,3,3,3,3,3,6,,,,,,,,
,136,Cardonald,Total Hours,88,91,84,84,78,76,84,84,98,96,106,105,108,112,648,646,645,1,2,3,,
#REF!,29,Catcliffe,05.30-7.30,9,9,9,8,6,6,6,6,10,9,10,10,9,9,,,,,,,,
#REF!,29,Catcliffe,07.30-9.30,12,12,10,9,11,11,12,12,16,15,15,15,14,14,,,,,,,,
#REF!,29,Catcliffe,09.30-11.30,14,14,13,13,13,13,12,12,16,16,15,16,16,16,,,,,,,,
#REF!,29,Catcliffe,11.30-13.30,14,15,13,13,13,14,12,12,14,14,16,16,16,16,,,,,,,,
#REF!,29,Catcliffe,13.30-15.30,14,13,11,11,11,11,12,12,14,14,16,16,16,16,,,,,,,,
#REF!,29,Catcliffe,15.30-17.30,8,8,7,7,7,7,7,8,10,10,10,11,8,8,,,,,,,,
#REF!,29,Catcliffe,17.30-19.30,5,5,6,6,5,5,6,6,6,6,6,6,6,6,,,,,,,,
,29,Catcliffe,Total Hours,152,152,138,134,132,134,134,136,172,168,176,180,170,170,1074,1074,1073,1,0,1,,
,75,Cleethorpes,07.30-9.30,1,1,1,1,1,1,1,1,1,1,1,1,1,1,,,,,,,,
#REF!,75,Cleethorpes,09.30-11.30,1,1,1,1,1,1,2,2,2,2,2,2,2,2,,,,,,,,
#REF!,75,Cleethorpes,11.30-13.30,1,1,1,1,1,1,2,2,2,2,2,2,2,2,,,,,,,,
#REF!,75,Cleethorpes,13.30-15.30,1,1,1,1,1,1,1,1,1,1,2,1,2,1,,,,,,,,
#REF!,75,Cleethorpes,15.30-17.30,1,1,1,1,1,1,1,1,1,1,1,1,1,1,,,,,,,,
,75,Cleethorpes,Total Hours,10,10,10,10,10,10,14,14,14,14,16,14,16,14,86,90,91,-1,-4,-5,,
#REF!,218,Cleveleys,05.30-7.30,2,2,2,2,2,2,3,3,3,3,3,3,2,2,,,,,,,,
#REF!,218,Cleveleys,07.30-9.30,4,4,4,4,3,3,4,4,5,5,5,5,4,4,,,,,,,,
#REF!,218,Cleveleys,09.30-11.30,4,4,4,4,3,3,4,4,5,5,5,5,4,4,,,,,,,,
#REF!,218,Cleveleys,11.30-13.30,4,4,4,4,4,4,4,4,4,4,5,5,4,4,,,,,,,,
#REF!,218,Cleveleys,13.30-15.30,3,3,3,3,4,4,3,3,4,4,4,4,3,3,,,,,,,,
#REF!,218,Cleveleys,15.30-17.30,3,3,3,3,2,2,3,3,3,3,3,3,2,2,,,,,,,,
#REF!,218,Cleveleys,17.30-19.30,2,2,2,2,2,2,2,2,2,2,2,2,1,1,,,,,,,,
,218,Cleveleys,Total Hours,44,44,44,44,40,40,46,46,52,52,54,54,40,40,320,320,320,0,0,0,,
#REF!,440,Connahs Quay,05.30-7.30,4,4,4,4,4,4,3,3,4,4,6,6,4,4,,,,,,,,
#REF!,440,Connahs Quay,07.30-9.30,8,8,7,7,7,7,7,7,9,9,10,10,9,9,,,,,,,We still only have 9 working phones,
#REF!,440,Connahs Quay,09.30-11.30,8,8,7,7,6,6,7,7,9,9,10,10,9,9,,,,,,,,
#REF!,440,Connahs Quay,11.30-13.30,7,7,6,6,5,5,6,6,8,8,9,9,9,9,,,,,,,,
#REF!,440,Connahs Quay,13.30-15.30,5,5,5,5,5,5,5,5,6,6,7,7,7,7,,,,,,,,
#REF!,440,Connahs Quay,15.30-17.30,4,4,3,3,3,3,3,3,4,4,4,4,3,3,,,,,,,,
,440,Connahs Quay,Total Hours,72,72,64,64,60,60,62,62,80,80,92,92,82,82,512,512,512,0,0,0,,
,145,Dundee,09.30-11.30,2,2,2,2,2,2,2,2,2,2,3,3,3,2,,,,,,,,
#REF!,145,Dundee,11.30-13.30,2,2,2,2,2,2,2,2,2,2,2,2,2,2,,,,,,,,
#REF!,145,Dundee,13.30-15.30,2,2,2,2,2,2,2,2,2,2,2,2,2,2,,,,,,,,
,145,Dundee,Total Hours,12,12,12,12,12,12,12,12,12,12,14,14,14,12,86,88,88,0,-2,-2,,
#REF!,28,Eccles,05.30-7.30,4,4,4,4,4,4,4,4,5,5,4,4,5,5,,,,,,,,
#REF!,28,Eccles,07.30-9.30,7,7,8,8,7,7,8,8,9,9,10,10,11,11,,,,,,,,
#REF!,28,Eccles,09.30-11.30,8,8,8,8,7,7,8,8,9,9,10,10,11,11,,,,,,,,
#REF!,28,Eccles,11.30-13.30,8,8,8,8,7,7,7,7,9,9,10,10,11,11,,,,,,,,
#REF!,28,Eccles,13.30-15.30,7,7,7,7,5,5,7,7,7,7,10,10,11,11,,,,,,,,
#REF!,28,Eccles,15.30-17.30,5,5,4,4,4,4,4,4,6,6,6,6,5,5,,,,,,,,
#REF!,28,Eccles,17.30-19.30,3,3,3,3,3,3,3,3,3,3,4,4,3,3,,,,,,,,
,28,Eccles,Total Hours,84,84,84,84,74,74,82,82,96,96,108,108,114,114,642,642,643,-1,0,-1,,
,184,Glenrothes,09.30-11.30,3,2,2,2,3,2,3,1,3,2,3,2,3,2,,,,,,,,
#REF!,184,Glenrothes,11.30-13.30,2,3,2,3,2,3,2,2,3,3,3,3,3,3,,,,,,,,
#REF!,184,Glenrothes,13.30-15.30,2,3,2,3,2,3,2,2,2,3,2,3,2,3,,,,,,,,
,184,Glenrothes,Total Hours,14,16,12,16,14,16,14,10,16,16,16,16,16,16,106,102,101,1,4,5,,
#REF!,177,Gyle,05.30-7.30,8,8,7,7,7,7,6,6,8,6,8,6,8,7,,,,,,,,We have an additional undeclared 
#REF!,177,Gyle,07.30-9.30,12,12,12,12.5,10,10,12,12,13,13,13,11,13,11,,,,,,,,20 hours of AWOL in the department this week
#REF!,177,Gyle,09.30-11.30,12,12,12,12,11,11,12,12,14,14,13,14,13,13,,,,,,,,
#REF!,177,Gyle,11.30-13.30,12,12,10,10,11,9.5,9,9,14,14,12,14,11,13,,,,,,,,
#REF!,177,Gyle,13.30-15.30,8,8,8,8,8,8,8,8,9,9,11,11,9,10,,,,,,,,
#REF!,177,Gyle,15.30-17.30,5,5,4,4,4,5,5,5,5,7,7,8,6,6,,,,,,,,
,177,Gyle,Total Hours,114,114,106,107,102,101,104,104,126,126,128,128,120,120,800,800,800,0,0,0,,
#REF!,475,Halifax,05.30-7.30,3,3,3,3,3,3,3,3,3,3,4,4,4,4,,,,,,,,
#REF!,475,Halifax,07.30-9.30,5,5,5,5,5,5,5,5,5,5,6,6,7,7,,,,,,,,
#REF!,475,Halifax,09.30-11.30,5,5,5,5,5,5,5,5,5,5,6,6,7,7,,,,,,,,
#REF!,475,Halifax,11.30-13.30,5,5,4,4,4,4,4,4,5,5,6,6,7,7,,,,,,,,
#REF!,475,Halifax,13.30-15.30,4,4,3,3,4,4,3,3,5,5,4,4,4,4,,,,,,,,
#REF!,475,Halifax,15.30-17.30,4,4,3,3,3,3,3,3,5,5,4,4,3,3,,,,,,,,
#REF!,475,Halifax,17.30-19.30,3,3,2,2,2,2,2,2,2,2,2,2,2,2,,,,,,,,
,475,Halifax,Total Hours,58,58,50,50,52,52,50,50,60,60,64,64,68,68,402,402,402,0,0,0,,
#REF!,15,Leeds,05.30-7.30,6,6,6,6,6,6,6,6,6,6,8,8,6,6,,,,,,,,
#REF!,15,Leeds,07.30-9.30,10,10,9,9,9,9,9,9,11,11,12,12,12,12,,,,,,,,
#REF!,15,Leeds,09.30-11.30,10,10,9,9,9,9,9,9,11,11,12,12,15,15,,,,,,,,
#REF!,15,Leeds,11.30-13.30,10,10,9,9,8,8,9,9,10,10,12,12,15,15,,,,,,,,
#REF!,15,Leeds,13.30-15.30,8,8,9,9,8,8,8,8,10,10,12,12,10,10,,,,,,,,
#REF!,15,Leeds,15.30-17.30,7,7,6,6,7,7,7,7,8,8,7,7,6,6,,,,,,,,
#REF!,15,Leeds,17.30-19.30,5,5,4,4,4,4,5,5,5,5,5,5,4,4,,,,,,,,
,15,Leeds,Total Hours,112,112,104,104,102,102,106,106,122,122,136,136,136,136,818,818,818,0,0,0,,
,62,Lincoln,05.30-07.30,3,3,2,2,2,2,3,3,3,3,3,3,3,3,,,,,,,,
#REF!,62,Lincoln,07.30-9.30,2,2,2,2,2,2,2,2,3,3,3,3,3,3,,,,,,,,
#REF!,62,Lincoln,09.30-11.30,2,2,2,2,2,2,2,2,2,2,2,2,2,2,,,,,,,,
,62,Lincoln,Total Hours,14,14,12,12,12,12,14,14,16,16,16,16,16,16,100,100,100,0,0,0,,
#REF!,128,Middlesbrough,05.30-7.30,2,2,3,3,2,2,2,2,3,3,3,3,3,3,,,,,,,,
#REF!,128,Middlesbrough,07.30-9.30,5,5,5,5,4,4,4,4,6,6,6,6,6,6,,,,,,,,
#REF!,128,Middlesbrough,09.30-11.30,5,5,5,5,4,4,4,4,6,6,6,6,6,6,,,,,,,,
#REF!,128,Middlesbrough,11.30-13.30,5,5,4,4,4,4,4,4,5,5,6,6,6,6,,,,,,,,
#REF!,128,Middlesbrough,13.30-15.30,4,4,4,4,4,4,4,4,5,5,5,5,5,5,,,,,,,,
#REF!,128,Middlesbrough,15.30-17.30,3,3,3,3,3,3,3,3,4,4,4,4,4,4,,,,,,,,
#REF!,128,Middlesbrough,17.30-19.30,2,2,2,2,2,2,2,2,2,2,3,3,3,3,,,,,,,,
,128,Middlesbrough,Total Hours,52,52,52,52,46,46,46,46,62,62,66,66,66,66,390,390,389,1,0,1,,
#REF!,48,Newark,07.30-9.30,4,4,3,3,2,2,3,3,3,3,4,4,0,,,,,,,,,
#REF!,48,Newark,09.30-11.30,4,4,2,2,2,2,2,2,2,2,4,4,4,4,,,,,,,,
#REF!,48,Newark,11.30-13.30,0,,0,,0,,0,,0,,0,,4,4,,,,,,,,
,48,Newark,Total Hours,16,16,10,10,8,8,10,10,10,10,16,16,16,16,86,86,87,-1,0,-1,,
#REF!,216,Reddish,05.30-7.30,4,4,4,4,4,4,4,4,5,5,7,7,4,4,,,,,,,,
#REF!,216,Reddish,07.30-9.30,7,7,7,7,6,6,7,7,7,7,7,7,7,7,,,,,,,,
#REF!,216,Reddish,09.30-11.30,7,7,7,7,6,6,7,7,7,7,7,7,7,7,,,,,,,,
#REF!,216,Reddish,11.30-13.30,7,7,7,7,6,6,7,7,7,7,8,8,7,7,,,,,,,,
#REF!,216,Reddish,13.30-15.30,6,6,7,7,6,6,7,7,7,7,8,8,7,7,,,,,,,,
#REF!,216,Reddish,15.30-17.30,5,5,5,5,5,5,6,6,6,6,7,7,7,7,,,,,,,,
#REF!,216,Reddish,17.30-19.30,4,4,3,3,3,3,4,4,4,4,3,3,3,3,,,,,,,,
,216,Reddish,Total Hours,80,80,80,80,72,72,84,84,86,86,94,94,84,84,580,580,580,0,0,0,,
,129,Rhyl,09.30-11.30,1,1,1,1,1,1,1,1,1,1,1,1,1,1,,,,,,,,
#REF!,129,Rhyl,11.30-13.30,2,2,2,2,1,1,2,2,2,2,2,2,2,2,,,,,,,,
#REF!,129,Rhyl,13.30-15.30,2,2,2,2,2,2,2,2,2,2,3,3,2,2,,,,,,,,
,129,Rhyl,Total Hours,10,10,10,10,8,8,10,10,10,10,12,12,10,10,70,70,69,1,0,1,,
#REF!,21,St Helens,05.30-7.30,5,5,4,4,5,5,4,4,5,5,6,6,7,7,,,,,,,,
#REF!,21,St Helens,07.30-9.30,12,12,11,11,11,11,12,12,15,15,16,16,14,14,,,,,,,,
#REF!,21,St Helens,09.30-11.30,12,12,11,11,11,11,12,12,15,15,16,16,14,14,,,,,,,,
#REF!,21,St Helens,11.30-13.30,12,12,11,11,11,11,11,11,14,14,16,16,14,14,,,,,,,,
#REF!,21,St Helens,13.30-15.30,12,12,10,10,11,11,11,11,13,13,14,14,13,13,,,,,,,,
#REF!,21,St Helens,15.30-17.30,6,6,7,7,7,7,6,6,8,8,8,8,6,6,,,,,,,,
#REF!,21,St Helens,17.30-19.30,4,4,3,3,4,4,4,4,6,6,4,4,4,4,,,,,,,,
,21,St Helens,Total Hours,126,126,114,114,120,120,120,120,152,152,160,160,144,144,936,936,937,-1,0,-1,,
#REF!,27,Staveley,05.30-7.30,3,3,3,3,3,2,3,3,5,5,6,6,5,4,,,,,,,,
#REF!,27,Staveley,07.30-9.30,3,3,3,3,3,3,3,3,5,5,6,6,5,5,,,,,,,,
#REF!,27,Staveley,09.30-11.30,3,5,4,4,4,4,5,5,5,5,6,6,5,5,,,,,,,,
#REF!,27,Staveley,11.30-13.30,5,4,4,4,4,4,5,5,5,5,6,6,5,5,,,,,,,,
#REF!,27,Staveley,13.30-15.30,3,3,3,3,3,3,3,3,5,5,3,3,3,3,,,,,,,,
#REF!,27,Staveley,15.30-17.30,2,2,3,3,2,3,3,3,3,3,3,3,2,2,,,,,,,,
,27,Staveley,Total Hours,38,40,40,40,38,38,44,44,56,56,60,60,50,48,326,326,326,0,0,0,,
#REF!,196,Stevenston,05.30-7.30,3,3,3,3,3,3,3,3,3,3,3,3,3,3,,,,,,,,
#REF!,196,Stevenston,07.30-9.30,3,3,3,3,3,3,3,3,3,3,3,3,3,3,,,,,,,,
#REF!,196,Stevenston,09.30-11.30,3,3,3,3,3,3,3,3,3,3,3,3,3,3,,,,,,,,
#REF!,196,Stevenston,11.30-13.30,3,3,2,2,2,2,3,3,3,3,3,3,3,3,,,,,,,,
#REF!,196,Stevenston,13.30-15.30,2,2,2,2,0,0,0,0,2,2,3,3,2,2,,,,,,,,
#REF!,196,Stevenston,15.30-17.30,2,2,0,0,0,0,0,0,2,2,2,2,2,2,,,,,,,,
,196,Stevenston,Total Hours,32,32,26,26,22,22,24,24,32,32,34,34,32,32,202,202,203,-1,0,-1,,
#REF!,197,Stirling,05.30-7.30,3,3,3,3,3,3,3,3,3,3,4,3,4,3,,,,,,,,
#REF!,197,Stirling,07.30-9.30,3,3,3,3,4,4,4,4,4,4,4,3,4,4,,,,,,,,
#REF!,197,Stirling,09.30-11.30,3,3,3,4,4,4,4,4,4,4,4,4,4,4,,,,,,,,
#REF!,197,Stirling,11.30-13.30,3,3,3,3,3,3,3,5,4,4,4,4,4,4,,,,,,,,
#REF!,197,Stirling,13.30-15.30,3,3,3,3,3,3,2,2,3,3,4,4,4,4,,,,,,,,
#REF!,197,Stirling,15.30-17.30,3,3,3,3,2,2,2,2,3,3,3,3,3,3,,,,,,,,
,197,Stirling,Total Hours,36,36,36,38,38,38,36,40,42,42,46,42,46,44,280,280,280,0,0,0,,
#REF!,50,Stoke,05.30-7.30,4,4,4,5,4,4,5,5,6,6,8,8,6,6,,,,,,,,
#REF!,50,Stoke,07.30-9.30,10,9.5,8,6.5,8,7.5,8,8,10,10,12,12,10,10,,,,,,,,
#REF!,50,Stoke,09.30-11.30,10,10,8,8.5,8,8.5,8,9,10,10,12,12,11,11,,,,,,,,
#REF!,50,Stoke,11.30-13.30,9,9.5,8,8.5,6,8,8,8,9,9,10,10,11,11,,,,,,,,
#REF!,50,Stoke,13.30-15.30,7,7,7,7,6,5.5,8,7,8,8,8,7.5,7,7,,,,,,,,
#REF!,50,Stoke,15.30-17.30,4,4,3,3,4,4,4,4,5,5,4,4,3,3,,,,,,,,
,50,Stoke,Total Hours,88,88,76,77,72,75,82,82,96,96,108,107,96,96,621,618,619,-1,3,2,,
#REF!,8,Thornbury,05.30-7.30,2,2,2,2,2,2,2,2,2,2,2,2,2,2,,,,,,,,
#REF!,8,Thornbury,07.30-9.30,3,3,3,3,3,3,3,3,3,3,4,4,4,4,,,,,,,,
#REF!,8,Thornbury,09.30-11.30,3,3,3,3,3,3,3,3,4,4,3,4,4,4,,,,,,,,
#REF!,8,Thornbury,11.30-13.30,3,3,3,3,3,3,3,3,4,4,4,3,4,4,,,,,,,,
#REF!,8,Thornbury,13.30-15.30,3,3,2,2,2,2,2,2,4,4,3,3,4,4,,,,,,,,
#REF!,8,Thornbury,15.30-17.30,2,2,2,2,2,2,2,2,2,2,3,3,2,2,,,,,,,,
#REF!,8,Thornbury,17.30-19.30,0,0,0,0,0,0,0,0,2,2,2,2,1,1,,,,,,,,
,8,Thornbury,Total Hours,32,32,30,30,30,30,30,30,42,42,42,42,42,42,248,248,248,0,0,0,,
,49,Wellington,09.30-11.30,3,3,3,3,3,3,3,3,3,3,3,3,3,3,,,,,,,,
#REF!,49,Wellington,11.30-13.30,3,3,3,3,3,3,3,3,3,3,4,4,4,4,,,,,,,,
#REF!,49,Wellington,13.30-15.30,3,3,2,2,2,2,3,3,3,3,4,4,4,4,,,,,,,,
,49,Wellington,Total Hours,18,18,16,16,16,16,18,18,18,18,22,22,22,22,130,130,130,0,0,0,,
,77,Winsford,07.30-9.30,2,2,2,2,1,1,2,2,2,2,2,2.5,2,2,,,,,,,,
#REF!,77,Winsford,09.30-11.30,5,4.5,5,4.5,5,3.5,5,5,6,6,7,7,7,7,,,,,,,,
#REF!,77,Winsford,11.30-13.30,5,5,5,5,5,5,5,5,6,7.5,7,7.5,7,7.5,,,,,,,,
#REF!,77,Winsford,13.30-15.30,4,4,3,3,3,2.5,3,2.5,4,4.5,4,4,3,3,,,,,,,,
#REF!,77,Winsford,15.30-17.30,2,2,2,2,2,2,2,2,2,2,2,2,1,1,,,,,,,,
,77,Winsford,Total Hours,36,35,34,33,32,28,34,33,40,44,44,46,40,41,260,260,259,1,0,1,,
,417,Wrexham,09.30-11.30,3,3,3,3,3,3,3,3,3,3,3,3,3,3,,,,,,,,
#REF!,417,Wrexham,11.30-13.30,3,3,3,3,3,3,3,3,3,3,3,3,3,3,,,,,,,,
#REF!,417,Wrexham,13.30-15.30,2,2,2,2,2,2,2,2,2,2,3,3,2,2,,,,,,,,
,417,Wrexham,Total Hours,16,16,16,16,16,16,16,16,16,16,18,18,16,16,114,114,113,1,0,1,,
#REF!,155,York,09.30-11.30,5,5,5,5,5,5,5,5,6,6,6,6,6,6,,,,,,,,
#REF!,155,York,11.30-13.30,5,5,5,5,5,5,5,5,6,6,6,6,6,6,,,,,,,,
#REF!,155,York,13.30-15.30,3,3,2,2,2,3,3,3,3,3,4,4,3,3,,,,,,,,
#REF!,155,York,15.30-17.30,2,2,2,2,2,2,2,2,2,2,2,2,2,2,,,,,,,,
,155,York,Total Hours,30,30,28,28,28,30,30,30,34,34,36,36,34,34,222,220,221,2,2,1,,
,104,Nelson,09.30-11.30,2,2,2,2,2,2,2,2,3,3,3,3,3,3,,,,,,,,
#REF!,104,Nelson,11.30-13.30,2,2,2,2,2,2,2,2,3,3,3,3,3,3,,,,,,,,
#REF!,104,Nelson,13.30-15.30,2,2,2,2,2,2,2,2,3,3,2,2,2,2,,,,,,,,
,104,Nelson,Total Hours,12,12,12,12,12,12,12,12,18,18,16,16,16,16,98,98,97,1,0,1,,
#REF!,41,Preston,09.30-11.30,6,6,5,5,6,6,6,6,6,6,6,6,6,6,,,,,,,,
#REF!,41,Preston,11.30-13.30,4,4,4,4,4,4,5,5,4,4,6,6,6,6,,,,,,,,
#REF!,41,Preston,13.30-15.30,4,4,3,3,4,4,4,4,4,4,6,6,5,5,,,,,,,,
#REF!,41,Preston,15.30-17.30,2,2,2,2,3,3,3,3,3,3,4,4,3,3,,,,,,,,
,41,Preston,Total Hours,32,32,28,28,34,34,36,36,34,34,44,44,40,40,248,248,247,1,0,1,,
#REF!,88,Jarrow,05.30-7.30,3,3,3,3,3,3,4,4,5,5,5,5,5,5,,,,,,,,
#REF!,88,Jarrow,07.30-9.30,8,8,7,7,7,7,7,7,10,10,10,10,9,9,,,,,,,,
#REF!,88,Jarrow,09.30-11.30,9,9,7,7,7,7,7,7,10,10,10,10,9,9,,,,,,,,
#REF!,88,Jarrow,11.30-13.30,9,9,7,7,7,7,7,7,9,9,12,12,9,9,,,,,,,,
#REF!,88,Jarrow,13.30-15.30,8,8,7,7,7,7,7,7,9,9,12,12,8,8,,,,,,,,
#REF!,88,Jarrow,15.30-17.30,5,5,5,5,5,5,5,5,6,6,7,7,5,5,,,,,,,,
#REF!,88,Jarrow,17.30-19.30,3,3,3,3,2,2,3,3,3,3,4,4,3,3,,,,,,,,
,88,Jarrow,Total Hours,90,90,78,78,76,76,80,80,104,104,120,120,96,96,644,644,644,0,0,0,,
#REF!,89,Kirkstall,05.30-7.30,4,4,3,3,4,4,4,4,4,4,4,4,6,5,,,,,,,,
#REF!,89,Kirkstall,07.30-9.30,5,5,4,4,5,5,5,5,7,7,7,7,6,6,,,,,,,,
#REF!,89,Kirkstall,09.30-11.30,5,5,5,5,5,5,5,5,7,7,7,7,7,7,,,,,,,,
#REF!,89,Kirkstall,11.30-13.30,5,5,5,5,5,5,5,5,6,6,7,7,7,7,,,,,,,,
#REF!,89,Kirkstall,13.30-15.30,5,5,4,4,3,3,5,5,6,6,6,6,6,6,,,,,,,,
#REF!,89,Kirkstall,15.30-17.30,5,5,3,3,3,3,3,3,5,5,5,5,4,4,,,,,,,,
#REF!,89,Kirkstall,17.30-19.30,3,3,3,3,3,3,3,3,3,3,4,4,3,3,,,,,,,,
,89,Kirkstall,Total Hours,64,64,54,54,56,56,60,60,76,76,80,80,78,76,466,468,467,1,-2,-1,,
,96,Baglan,,,,,,,,,,,,,,,,,,,,,,,
,96,Baglan,07.30-9.30,10,10,10,10,9,9,10,10,12,9,13,13,13,13,,,,,,,,
,96,Baglan,09.30-11.30,10,11,10,11,10,12,12,12,12,12,13,13,13,13,,,,,,,,
,96,Baglan,11.30-13.30,10,10,10,10,10,10,12,12,11,12,13,13,12,12,,,,,,,,
,96,Baglan,13.30-15.30,9,9,9,9,9,9,9,9,11,11,11,10,10,10,,,,,,,,
,96,Baglan,15.30-17.30,3,3,4,4,4,4,6,6,7,7,6,5,4,4,,,,,,,,
,96,Baglan,Total Hours,84,86,86,88,84,88,98,98,106,102,112,108,104,104,674,674,674,0,0,0,,
,106,Banbury,07.30-9.30,4,4,3,3,3,3,4,4,5,5,5,5,5,5,,,,,,,,
,106,Banbury,09.30-11.30,4,4,3,3,3,3,4,4,5,5,5,5,5,5,,,,,,,,
,106,Banbury,Total Hours,16,16,12,12,12,12,16,16,20,20,20,20,20,20,116,116,116,0,0,0,,
,345,Basingstoke,07.30-9.30,4,4,4,4,3,3,4,4,4,4,5,5,4,4,,,,,,,,
,345,Basingstoke,09.30-11.30,4,4,4,4,3,3,4,4,5,5,5,5,4,4,,,,,,,,
,345,Basingstoke,11.30-13.30,4,4,4,4,3,3,3,3,5,5,5,5,3,3,,,,,,,,
,345,Basingstoke,13.30-15.30,3,3,3,3,3,3,3,3,4,4,3,3,3,3,,,,,,,,
,345,Basingstoke,15.30-17.30,3,3,2,2,2,2,2,2,2,2,2,2,2,2,,,,,,,,
,345,Basingstoke,Total Hours,36,36,34,34,28,28,32,32,40,40,40,40,32,32,242,242,242,0,0,0,,
,628,Bedford,05.30-7.30,4,3,3,3,3,3,3,3,5,3,6,6,4,4,,,,,,,,
,628,Bedford,07.30-9.30,4,4,4,4,5,5,4,4,5,4,6,6,5,5,,,,,,,,
,628,Bedford,09.30-11.30,4,4,4,4,5,5,4,4,4,4,4,4,5,5,,,,,,,,
,628,Bedford,11.30-13.30,3,3,3,3,3,3,3,3,3,3,4,4,3,3,,,,,,,,
,628,Bedford,13.30-15.30,2,2,3,2,3,3,2,2,3,3,3,3,2,2,,,,,,,,
,628,Bedford,Total Hours,34,32,34,32,38,38,32,32,40,34,46,46,38,38,252,262,261,1,-10,-9,,
,69,Binley,05.30-7.30,7,7,6,6,5,5,6,6,7,7,9,9,8,8,,,,,,,,
,69,Binley,07.30-9.30,9,9,9,9,10,10,10,10,12,12,13,13,15,15,,,,,,,,
,69,Binley,09.30-11.30,9,9,9,9,10,10,10,10,12,12,13,13,15,15,,,,,,,,
,69,Binley,11.30-13.30,9,9,9,9,8,8,8,8,11,11,13,13,14,14,,,,,,,,
,69,Binley,13.30-15.30,7,7,7,7,7,7,8,8,11,11,11,11,11,11,,,,,,,,
,69,Binley,15.30-17.30,4,4,3,3,3,3,3,3,4,4,5,5,4,4,,,,,,,,
,69,Binley,Total Hours,90,90,86,86,86,86,90,90,114,114,128,128,134,134,728,728,728,0,0,0,,
,84,Bristol,05.30-7.30,5,5,5,6,3,3,4,4,5,5,6,6,5,5,,,,,,,,
,84,Bristol,07.30-9.30,7,7,7,7,6,6,5,6,7,6,8,7,8,7,,,,,,,,
,84,Bristol,09.30-11.30,7,7,7,7,6,6,5,6,7,8,8,8,8,8,,,,,,,,
,84,Bristol,11.30-13.30,6,6,6,6,6,6,6,5,8,8,8,9,7,8,,,,,,,,
,84,Bristol,13.30-15.30,6,6,6,5,5,5,6,5,8,7,8,7,7,7,,,,,,,,
,84,Bristol,15.30-17.30,4,4,5,5,4,4,4,4,5,6,4,5,5,5,,,,,,,,
,84,Bristol,Total Hours,70,70,72,72,60,60,60,60,80,80,84,84,80,80,506,506,507,-1,0,-1,,
,242,Bromsgrove,05.30-7.30,5,5,5,5,4,4,6,6,7,7,7,7,7,7,,,,,,,,
,242,Bromsgrove,07.30-9.30,8,8,7,7,7,7,8,8,10,10,10,10,11,11,,,,,,,,
,242,Bromsgrove,09.30-11.30,8,8,7,7,7,7,8,8,10,10,10,10,11,11,,,,,,,,
,242,Bromsgrove,11.30-13.30,8,8,6,6,6,6,5,5,8,8,10,10,11,11,,,,,,,,
,242,Bromsgrove,13.30-15.30,6,6,5,5,5,5,5,5,7,7,8,8,6,6,,,,,,,,
,242,Bromsgrove,15.30-17.30,3,3,3,3,3,3,3,3,4,4,4,4,3,3,,,,,,,,
,242,Bromsgrove,Total Hours,76,76,66,66,64,64,70,70,92,92,98,98,98,98,564,564,564,0,0,0,,
,121,Bulwell,05.30-7.30,5,5,5,5,5,5,5,5,6,6,8,8,7,7,,,,,,,,
,121,Bulwell,07.30-9.30,11,11,10,10,10,10,10,10,13,13,14,14,14,14,,,,,,,,
,121,Bulwell,09.30-11.30,11,11,10,10,10,10,10,10,13,13,14,14,14,14,,,,,,,,
,121,Bulwell,11.30-13.30,10,10.5,9,9.5,10,10,9,9,12,12,13,13,13,13,,,,,,,,
,121,Bulwell,13.30-15.30,10,10,9,9,8,8,8,8.5,11,11,13,13,11,11,,,,,,,,
,121,Bulwell,15.30-17.30,6,6,5,5,6,6,6,6,6,6,7,7,6,6,,,,,,,,
,121,Bulwell,Total Hours,106,107,96,97,98,98,96,97,122,122,138,138,130,130,789,786,764,22,3,25,,
,118,Cambourne,07.30-09.30,8,0,8,7,8,6,8,6,8,7,9,7,9,7,,,,,,,,
,118,Cambourne,09.30-11.30,8,9,8,9,8,8,8,10,8,9,9,9,9,9,,,,,,,,
,118,Cambourne,11.30-13.30,7,8,7,9,6,8,7,8,8,9,9,9,8,9,,,,,,,,
,118,Cambourne,13.30-15.30,7,8,6,6,6,7,7,7,8,9,8,9,8,10,,,,,,,,
,118,Cambourne,15.30-17.30,4,3,5,4,5,5,4,4,6,5,6,5,4,3,,,,,,,,
,118,Cambourne,Total Hours,68,56,68,70,66,68,68,70,76,78,82,78,76,76,496,504,505,-1,-8,-9,,
,293,Canterbury,05.30-7.30,3,2,3,1,2,1,2,1,2,1,3,1,3,1,,,,,,,,
,293,Canterbury,07.30-9.30,3,5,3,4,3,4,3,4,3,4,3,5,3,4,,,,,,,,
,293,Canterbury,09.30-11.30,3,2,2,3,3,3,3,3,3,3,3,3,3,4,,,,,,,,
,293,Canterbury,Total Hours,18,18,16,16,16,16,16,16,16,16,18,18,18,18,118,118,119,-1,0,-1,,
,276,Canvey Island,05.30-7.30,4,4,4,4,4,4,4,4,7,6,7,7,6,6,,,,,,,,
,276,Canvey Island,07.30-9.30,7,7,6,6,6,6,6,6,7,7,8,8,8,8,,,,,,,,
,276,Canvey Island,09.30-11.30,7,7,6,6,6,6,6,6,7,7,8,8,8,8,,,,,,,,
,276,Canvey Island,11.30-13.30,6,6,4,4,4,4,6,6,6,6,7,7,6,6,,,,,,,,
,276,Canvey Island,13.30-15.30,6,6,4,4,4,4,4,4,6,6,6,6,4,4,,,,,,,,
,276,Canvey Island,15.30-17.30,3,3,2,2,3,3,2,2,3,4,3,3,2,2,,,,,,,,
,276,Canvey Island,Total Hours,66,66,52,52,54,54,56,56,72,72,78,78,68,68,446,446,447,-1,0,-1,,
,269,Cardiff Tyglas,05.30-7.30,6,6,6,6,6,6,5,5,6,6,7,7,7,7,,,,,,,,
,269,Cardiff Tyglas,07.30-9.30,8,8,9,9,8,8,8,8,11,11,11,11,11,11,,,,,,,,
,269,Cardiff Tyglas,09.30-11.30,9,9,9,9,8,8,8,8,11,11,11,11,11,11,,,,,,,,
,269,Cardiff Tyglas,11.30-13.30,9,9,7,7,7,7,8,8,9,9,10,10,11,11,,,,,,,,
,269,Cardiff Tyglas,13.30-15.30,8,8,7,7,7,7,7,7,9,9,10,10,8,8,,,,,,,,
,269,Cardiff Tyglas,15.30-17.30,6,6,5,5,4,4,5,5,6,6,5,5,4,4,,,,,,,,
,269,Cardiff Tyglas,Total Hours,92,92,86,86,80,80,82,82,104,104,108,108,104,104,656,656,656,0,0,0,,
,348,Chippenham,05.30-7.30,3,3,2,2,2,2,3,3,3,3,3,3,3,3,,,,,,,,
,348,Chippenham,07.30-9.30,3,3,3,3,3,3,2,3,2,3,2,3,3,3,,,,,,,,
,348,Chippenham,09.30-11.30,2,3,3,3,3,3,2,3,3,3,3,3,3,3,,,,,,,,
,348,Chippenham,Total Hours,16,18,16,16,16,16,14,18,16,18,16,18,18,18,122,112,112,0,10,10,,
,54,Coalville,07.30-09.30,4,4,4,4,4,4,4,4,5,5,7,7,5,5,,,,,,,,
,54,Coalville,09.30-11.30,4,4,4,4,4,4,4,4,5,5,7,7,5,5,,,,,,,,
,54,Coalville,11.30-13.30,4,4,3,3,4,4,3,3,5,5,5,5,5,5,,,,,,,,
,54,Coalville,13.30-15.30,4,4,2,2,3,3,3,3,4,4,3,3,3,3,,,,,,,,
,54,Coalville,Total Hours,32,32,26,26,30,30,28,28,38,38,44,44,36,36,234,234,234,0,0,0,,
,232,Corby,11.30-13.30,5,5,3,4,3,4,4,4,5,5,6,6,6,6,,,,,,,,
,232,Corby,13.30-15.30,4,5,5,4,5,4,5,4,5,5,6,6,6,6,,,,,,,,
,232,Corby,Total Hours,18,20,16,16,16,16,18,16,20,20,24,24,24,24,136,136,135,1,0,1,,
,78,Derby,05.30-7.30,4,4,4,4,3,3,5,4,5,5,5,5,5,5,,,,,,,,
,78,Derby,07.30-9.30,7,7,6,6,6,6,6,7,8,8,8,8,9,9,,,,,,,,
,78,Derby,09.30-11.30,7,7,6,6,6,6,6,6,8,8,8,8,9,9,,,,,,,,
,78,Derby,11.30-13.30,7,7,6,6,6,6,6,6,8,8,8,8,9,9,,,,,,,,
,78,Derby,13.30-15.30,5,5,6,6,5,5,5,5,6,5,8,8,5,5,,,,,,,,
,78,Derby,15.30-17.30,4,4,4,4,4,4,4,4,5,5,6,7,4,4,,,,,,,,
,78,Derby,17.30-19.30,3,3,2,2,2,2,2,2,3,3,4,3,3,3,,,,,,,,
,78,Derby,Total Hours,72,72,66,66,63,63,66,66,84,82,92,92,86,86,525,527,527,-1,-2,-2,,
,546,Eastbourne,09.30-11.30,8,8,9,7,8,8,8,8,9,7,12,9,11,9,,,,,,,,
,546,Eastbourne,11.30-13.30,6,6,6,6,6,7,7,6,7,7,7,9,8,8,,,,,,,,
,546,Eastbourne,13.30-15.30,4,5,2,4,4,4,4,5,4,6,5,6,2,4,,,,,,,,
,546,Eastbourne,Total Hours,36,38,34,34,36,38,38,38,40,40,48,48,42,42,278,274,274,0,4,4,,
,95,Ebbw Vale,09:30-11:30,2,2,2,2,2,2,2,2,3,3,3,3,3,3,,,,,,,,
,95,Ebbw Vale,11.30-13.30,2,2,2,2,2,2,2,2,3,3,3,3,3,3,,,,,,,,
,95,Ebbw Vale,13.30-15.30,1,1,1,1,1,1,1,1,2,2,2,2,2,2,,,,,,,,
,95,Ebbw Vale,Total Hours,10,10,10,10,10,10,10,10,16,16,16,16,16,16,88,88,87,1,0,1,,
,496,Exeter,07.30-09.30,3,3,3,3,3,3,3,3,4,4,4,3,4,4,,,,,,,,
,496,Exeter,09.30-11.30,3,3,3,3,3,3,3,3,3,3,3,4,4,4,,,,,,,,
,496,Exeter,11.30-13.30,2,3,2,3,2,3,2,2,3,3,3,3,2,2,,,,,,,,
,496,Exeter,Total Hours,16,18,16,18,16,18,16,16,20,20,20,20,20,20,130,124,123,1,6,7,,
,575,Gloucester,07.30-9.30,6,4,6,4,6,4,6,4,7,5,7,7,7,7,,,,,,,,
,575,Gloucester,09.30-11.30,6,7,6,7,6,6,6,6,7,7,7,8,7,7,,,,,,,,
,575,Gloucester,11.30-13.30,5,7,4,7,5,6,4,6,5,7,6,7,6,6,,,,,,,,
,575,Gloucester,13.30-15.30,5,5,3,4,3,4,4,5,4,5,5,5,5,5,,,,,,,,
,575,Gloucester,Total Hours,44,46,38,44,40,40,40,42,46,48,50,54,50,50,324,308,308,0,16,16,,
,300,High Wycombe,05.30-7.30,3,3,3,3,4,4,4,4,5,5,5,5,5,5,,,,,,,,
,300,High Wycombe,07.30-9.30,4,3,3,3,4,4,4,4,5,5,5,5,5,5,,,,,,,,
,300,High Wycombe,09.30-11.30,4,4,3,4,3,3,4,4,3,4,4,4,4,4,,,,,,,,
,300,High Wycombe,11.30-13.30,3,3,3,3,3,3,3,4,3,3,4,4,4,4,,,,,,,,
,300,High Wycombe,13.30-15.30,3,3,3,3,2,3,3,3,3,3,3,3,4,3,,,,,,,,
,300,High Wycombe,15.30-17.30,3,3,3,3,3,3,3,3,3,3,3,3,3,3,,,,,,,,
,300,High Wycombe,Total Hours,40,38,36,38,38,40,42,44,44,46,48,48,50,48,302,298,299,-1,4,3,,
,81,Ipswich,07.30-9.30,6,7,6,7,7,7,6,7,6,7,7,7,7,6,,,,,,,,
,81,Ipswich,09.30-11.30,6,7,6,7,7,7,6,7,6,7,7,7,7,6,,,,,,,,
,81,Ipswich,11.30-13.30,0,0,0,0,0,0,0,0,0,0,6,5,6,5,,,,,,,,
,81,Ipswich,Total Hours,24,28,24,28,28,28,24,28,24,28,40,38,40,34,212,204,203,1,8,9,,
,234,Leicester,05.30-7.30,4,4,4,4,3,3,4,4,5,5,5,5,4,4,,,,,,,,
,234,Leicester,07.30-9.30,7,7,6,6,5,5,6,6,7,7,8,8,9,9,,,,,,,,
,234,Leicester,09.30-11.30,7,7,6,6,5,5,6,6,7,7,8,8,9,9,,,,,,,,
,234,Leicester,11.30-13.30,6,6,4,4,4,5,5,5,7,6,8,7,8,8,,,,,,,,
,234,Leicester,13.30-15.30,4,4,4,4,5,4,4,4,6,6,5,5,6,5,,,,,,,,
,234,Leicester,15.30-17.30,4,4,4,4,4,4,4,4,5,6,4,5,3,4,,,,,,,,
,234,Leicester,Total Hours,64,64,56,56,52,52,58,58,74,74,76,76,78,78,458,458,458,0,0,0,,
,315,Maidstone,07.30-9.30,1,1,1,1,1,1,1,1,2,2,2,2,2,2,,,,,,,,
,315,Maidstone,09.30-11.30,2,2,2,2,2,2,2,2,2,2,2,2,2,2,,,,,,,,
,315,Maidstone,11.30-13.30,2,2,2,2,2,2,2,2,2,2,2,2,2,2,,,,,,,,
,315,Maidstone,13.30-15.30,2,2,2,2,2,2,2,2,2,2,2,2,1,1,,,,,,,,
,315,Maidstone,15.30-17.30,1,1,1,1,1,1,1,1,2,2,1,1,1,1,,,,,,,,
,315,Maidstone,Total Hours,16,16,16,16,16,16,16,16,20,20,18,18,16,16,118,118,118,0,0,0,,
,154,Milton Keynes,05.30-7.30,6,6,5,5,5,5,7,7,8,8,7,7,6,6,,,,,,,,
,154,Milton Keynes,07.30-9.30,9,8,8,8,7,7,8,8,9,9,12,11,12,11,,,,,,,,
,154,Milton Keynes,09.30-11.30,9,8,8,8,7,7,8,8,9,9,12,11,12,11,,,,,,,,
,154,Milton Keynes,11.30-13.30,8,8,7,7,7,7,7,7,9,9,11,11,11,11,,,,,,,,
,154,Milton Keynes,13.30-15.30,7,7,7,7,7,7,6,6,9,9,11,11,9,9,,,,,,,,
,154,Milton Keynes,15.30-17.30,6,6,4,4,4,4,5,5,6,6,6,6,5,5,,,,,,,,
,154,Milton Keynes,Total Hours,90,86,78,78,74,74,82,82,100,100,118,114,110,106,640,652,650,2,-12,-10,,
,407,Newport,07.30-9.30,2,2,3,3,4,3,4,3,4,3,4,4,4,3,,,,,,,,
,407,Newport,09.30-11.30,2,2,2,3,3,3,3,3,3,3,3,4,3,3,,,,,,,,
,407,Newport,Total Hours,8,8,10,12,14,12,14,12,14,12,14,16,14,12,84,88,88,0,-4,-4,,
,100,Northampton,05.30-7.30,4,4,4,4,4,4,4,4,5,5,6,6,5,5,,,,,,,,
,100,Northampton,07.30-9.30,7,7,7,7,6,6,6,6,10,10,10,10,10,10,,,,,,,,
,100,Northampton,09.30-11.30,7,7,7,7,6,6,6,6,10,10,10,10,10,10,,,,,,,,
,100,Northampton,11.30-13.30,6,6,6,6,6,6,6,6,8,8,9,9,10,10,,,,,,,,
,100,Northampton,13.30-15.30,6,6,6,6,5,5,7,7,7,7,9,9,8,8,,,,,,,,
,100,Northampton,15.30-17.30,5,5,5,5,4,4,5,5,6,6,6,6,6,6,,,,,,,,
,100,Northampton,17.30-19.30,3,3,3,3,3,3,4,4,5,5,3,3,3,3,,,,,,,,
,100,Northampton,Total Hours,76,76,76,76,68,68,76,76,102,102,106,106,104,104,608,608,607,1,0,1,,
,115,Norwich,07.30-09.30,0,0,0,0,0,0,0,0,0,0,5,5,5,5,,,,,,,,
,115,Norwich,09.30-11.30,7,6,6,6,6,6,7,7,7,8,7,7,5,6,,,,,,,,
,115,Norwich,11.30-13.30,7,6,6,6,6,6,7,7,7,7,7,7,5,5,,,,,,,,
,115,Norwich,13.30-15.30,5,4,5,5,4,4,5,6,5,6,4,6,4,4,,,,,,,,
,115,Norwich,15.30-17.30,3,3,3,3,3,3,4,4,3,4,3,3,3,3,,,,,,,,
,115,Norwich,Total Hours,44,38,40,40,38,38,46,48,44,50,52,56,44,46,316,308,308,0,8,8,,
,414,Peterborough,07.30-9.30,3,3,3,3,3,3,3,3,3,3,3,3,4,4,,,,,,,,
,414,Peterborough,09.30-11.30,4,4,4,4,5,5,5,5,6,6,6,6,6,6,,,,,,,,
,414,Peterborough,11.30-13.30,5,5,4,4,5,5,5,5,6,6,6,6,6,6,,,,,,,,
,414,Peterborough,13.30-15.30,5,5,3,3,4,4,4,4,5,5,6,6,4,4,,,,,,,,
,414,Peterborough,15.30-17.30,3,3,2,2,3,3,2,2,3,3,3,3,2,2,,,,,,,,
,414,Peterborough,Total Hours,40,40,32,32,40,40,38,38,46,46,48,48,44,44,288,288,288,0,0,0,,
,333,Plymstock,07.30-09.30,2,2,2,2,1,1,2,2,2,2,3,3,3,3,,,,,,,,
,333,Plymstock,09.30-11.30,7,7,7,7,7,7,7,7,8,8,9,9,9,9,,,,,,,,
,333,Plymstock,11.30-13.30,7,7,7,7,7,7,7,7,8,8,9,9,9,9,,,,,,,,
,333,Plymstock,13.30-15.30,6,6,5,5,5,5,5,5,5,5,6,6,6,6,,,,,,,,
,333,Plymstock,15.30-17.30,4,4,2,2,2,2,2,2,3,3,3,3,3,3,,,,,,,,
,333,Plymstock,Total Hours,52,52,46,46,44,44,46,46,52,52,60,60,60,60,360,360,360,0,0,0,,
,522,Portsmouth,05.30-7.30,6,6,6,6,6,6,7,7,7,7,8,8,7,7,,,,,,,,
,522,Portsmouth,07.30-9.30,11,11,9,9,10,10,10,10,11,11,13,13,13,13,,,,,,,,
,522,Portsmouth,09.30-11.30,11,11,9,9,10,10,10,10,11,11,13,13,13,13,,,,,,,,
,522,Portsmouth,11.30-13.30,11,11,9,9,9,9,9,9,11,11,12,12,13,13,,,,,,,,
,522,Portsmouth,13.30-15.30,9,9,9,9,8,8,8,8,10,10,11,11,12,12,,,,,,,,
,522,Portsmouth,15.30-17.30,7,7,7,7,6,6,7,7,8,8,8,8,7,7,,,,,,,,
,522,Portsmouth,17.30-19.30,3,3,4,4,4,4,4,4,5,5,4,4,3,3,,,,,,,,
,522,Portsmouth,Total Hours,116,116,106,106,106,106,110,110,126,126,138,138,136,136,838,838,821,17,0,17,,
,359,Reading,05.30-07.30,3,3,3,3,2,2,3,3,3,3,4,4,4,4,,,,,,,,
,359,Reading,07.30-9.30,6,4,5,4,5,3,5,5,6,6,7,7,7,7,,,,,,,,
,359,Reading,09.30-11.30,6,6,5,6,5,5,5,5,6,6,7,7,7,7,,,,,,,,
,359,Reading,11.30-13.30,5,6,4,4,4,4,4,4,5,5,6,6,5,5,,,,,,,,
,359,Reading,13.30-15.30,4,5,4,4,3,4,4,4,4,4,4,4,4,4,,,,,,,,
,359,Reading,15.30-17.30,3,3,3,3,2,3,3,3,3,3,3,3,2,2,,,,,,,,
,359,Reading,Total Hours,54,54,48,48,42,42,48,48,54,54,62,62,58,58,366,366,367,-1,0,-1,,
,334,Redruth,09:30-11:30,2,2,2,2,2,2,1,1,2,2,1,1,1,1,,,,,,,,
,334,Redruth,11.30-13.30,1,1,1,1,1,1,1,1,1,1,1,1,2,2,,,,,,,,
,334,Redruth,13.30-15.30,1,1,1,1,1,1,1,1,1,1,2,2,2,2,,,,,,,,
,334,Redruth,Total Hours,8,8,8,8,8,8,6,6,8,8,8,8,10,10,56,56,57,-1,0,-1,,
,554,Sheldon,05.30-7.30,4,4,4,4,3,3,3,4,4,6,5,5,5,5,,,,,,,,
,554,Sheldon,07.30-9.30,6,6,6,6,6,6,6,6,8,8,9,9,10,10,,,,,,,,
,554,Sheldon,09.30-11.30,7,7,6,6,6,6,6,6,8,8,9,9,10,10,,,,,,,,
,554,Sheldon,11.30-13.30,7,7,6,6,6,6,7,7,8,8,9,9,9,9,,,,,,,,
,554,Sheldon,13.30-15.30,6,6,6,6,5,5,7,6,7,7,8,8,7,7,,,,,,,,
,554,Sheldon,15.30-17.30,6,6,6,6,5,5,5,5,8,6,7,7,6,6,,,,,,,,
,554,Sheldon,17.30-19.30,3,3,3,3,4,4,3,3,4,4,4,4,3,3,,,,,,,,
,554,Sheldon,Total Hours,78,78,74,74,70,70,74,74,94,94,102,102,100,100,592,592,592,0,0,0,,
,634,Swindon,05.30-07.30,3,3,2,2,1,1,2,2,2,2,2,2,2,2,,,,,,,,
,634,Swindon,07.30-9.30,5,5,5,5,5,5,6,6,6,6,7,7,5,5,,,,,,,,
,634,Swindon,09.30-11.30,5,5,5,5,5,5,6,6,6,6,7,7,5,5,,,,,,,,
,634,Swindon,11.30-13.30,4,4,3,3,3,3,4,4,4,4,4,4,4,4,,,,,,,,
,634,Swindon,13.30-15.30,3,3,2,2,2,2,2,2,3,3,3,3,3,3,,,,,,,,
,634,Swindon,Total Hours,40,40,34,34,32,32,40,40,42,42,46,46,38,38,272,272,272,0,0,0,,
,335,Taunton,09:30-11:30,1,1,2,1,2,1,2,2,1,1,2,2,1,1,,,,,,,,
,335,Taunton,11.30-13.30,1,1,1,1,1,1,1,1,2,2,2,2,2,2,,,,,,,,
,335,Taunton,13.30-15.30,1,1,1,1,1,1,1,1,2,2,2,2,2,2,,,,,,,,
,335,Taunton,Total Hours,6,6,8,6,8,6,8,8,10,10,12,12,10,10,58,62,62,0,-4,-4,,
,339,Totnes,09:30-11:30,3,3,3,3,3,3,3,3,4,4,4,4,4,4,,,,,,,,
,339,Totnes,11.30-13.30,3,3,2,2,3,3,2,2,4,4,4,4,4,4,,,,,,,,
,339,Totnes,13.30-15.30,2,2,2,2,2,2,2,2,3,3,2,2,2,2,,,,,,,,
,339,Totnes,Total Hours,16,16,14,14,16,16,14,14,22,22,20,20,20,20,122,122,122,0,0,0,,
,364,Totton,05.30-7.30,2,2,2,2,2,2,2,2,2,2,2,2,2,2,,,,,,,,
,364,Totton,07.30-9.30,2,2,2,2,2,2,2,2,2,2,2,2,2,2,,,,,,,,
,364,Totton,09.30-11.30,2,2,2,2,2,2,2,2,2,2,2,2,2,2,,,,,,,,
,364,Totton,11.30-13.30,2,2,2,2,2,2,2,2,2,2,2,2,2,2,,,,,,,,
,364,Totton,13.30-15.30,2,2,2,2,1,1,1,1,2,2,2,2,1,1,,,,,,,,
,364,Totton,15.30-17.30,1,1,0,2,1,1,0,,2,2,0,,0,,,,,,,,,
,364,Totton,Total Hours,22,22,20,24,20,20,18,18,24,24,20,20,18,18,146,142,143,-1,4,3,,
,63,Walsall,05.30-7.30,6,6,6,6,5,5,6,6,8,8,9,9,8,8,,,,,,,,
,63,Walsall,07.30-9.30,11,11,11,11,10,10,11,11,13,13,16,16,16,16,,,,,,,,
,63,Walsall,09.30-11.30,11,11,11,11,10,10,11,11,13,13,17,17,16,16,,,,,,,,
,63,Walsall,11.30-13.30,11,11,10,10,10,10,10,10,13,13,17,17,16,16,,,,,,,,
,63,Walsall,13.30-15.30,10,10,8,8,9,9,9,9,13,13,14,14,11,11,,,,,,,,
,63,Walsall,15.30-17.30,7,7,8,8,7,7,8,8,10,10,9,9,7,7,,,,,,,,
,63,Walsall,17.30-19.30,5,5,4,4,4,4,5,5,6,6,6,6,4,4,,,,,,,,
,63,Walsall,Total Hours,122,122,116,116,110,110,120,120,152,152,176,176,156,156,952,952,952,0,0,0,,
,340,Warminster,11.30-13.30,2,2,2,2,2,2,2,2,3,3,3,3,3,3,,,,,,,,
,340,Warminster,13.30-15.30,2,2,2,2,2,2,2,2,3,3,3,3,3,3,,,,,,,,
,340,Warminster,Total Hours,8,8,8,8,8,8,8,8,12,12,12,12,12,12,68,68,67,1,0,1,,
,586,Watford,05.30-7.30,3,3,2,2,3,3,3,3,3,3,4,4,3,3,,,,,,,,
,586,Watford,07.30-9.30,5,5,5,5,4,4,4,4,5,5,5,5,4,4,,,,,,,,
,586,Watford,09.30-11.30,5,5,5,5,4,4,4,4,5,5,5,5,5,5,,,,,,,,
,586,Watford,11.30-13.30,3,3,3,3,4,4,4,4,5,5,5,5,5,5,,,,,,,,
,586,Watford,13.30-15.30,3,3,3,3,3,3,3,3,3,4,4,4,4,5,,,,,,,,
,586,Watford,15.30-17.30,3,3,2,2,3,3,3,3,4,3,3,3,2,2,,,,,,,,
,586,Watford,17.30-19.30,2,2,2,2,2,2,2,2,2,2,2,2,2,2,,,,,,,,
,586,Watford,Total Hours,48,48,44,44,46,46,46,46,54,54,56,56,50,52,346,344,345,-1,2,1,,
,341,Weston Super Mare,05.30-7.30,5,5,3,3,3,3,3,3,4,4,4,4,4,4,,,,,,,,
,341,Weston Super Mare,07.30-9.30,4,4,3,3,3,3,3,3,4,4,4,4,4,4,,,,,,,,
,341,Weston Super Mare,09.30-11.30,4,4,5,5,4,4,4,4,5,5,4,4,4,4,,,,,,,,
,341,Weston Super Mare,Total Hours,26,26,22,22,20,20,20,20,26,26,24,24,24,24,162,162,162,0,0,0,,
,404,Weybridge,05.30-7.30,3,2,3,3,3,3,3,3,3,3,4,4,3,3,,,,,,,,
,404,Weybridge,07.30-9.30,3,3,3,3,3,3,4,4,5,5,4,4,4,4,,,,,,,,
,404,Weybridge,09.30-11.30,4,4,4,4,4,4,4,4,5,5,5,5,5,5,,,,,,,,
,404,Weybridge,11.30-13.30,4,4,4,4,4,4,4,4,5,5,5,5,5,5,,,,,,,,
,404,Weybridge,13.30-15.30,3,4,3,3,3,3,4,3,4,4,5,5,4,4,,,,,,,,
,404,Weybridge,15.30-17.30,3,3,3,3,3,3,3,3,3,3,4,4,3,3,,,,,,,,
,404,Weybridge,17.30-19.30,3,3,3,3,2,2,3,3,3,3,3,3,3,3,,,,,,,,
,404,Weybridge,Total Hours,46,46,46,46,44,44,50,48,56,56,60,60,54,54,354,356,357,-1,-2,-3,,
,319,WGC,05.30-7.30,5,5,5,4.5,5,5,4,3.5,5,5,5,5,5,5,,,,,,,,
,319,WGC,07.30-9.30,6,6,6,6,5,6,6,6,7,7,8,8,8,8,,,,,,,,
,319,WGC,09.30-11.30,6,6,6,6,6,6,6,6,8,8,8,8,8,8,,,,,,,,
,319,WGC,11.30-13.30,6,6,5,5,6,6,5,5,8,8,8,8,8,8,,,,,,,,
,319,WGC,13.30-15.30,6,6,5,5,5,5,5,5,6,6,6,6,7,7,,,,,,,,
,319,WGC,15.30-17.30,5,5,4,4,4,4,5,5,5,5,6,6,5,5,,,,,,,,
,319,WGC,17.30-19.30,3,3,3,3,3,3,3,3,3,3,4,4,4,4,,,,,,,,
,319,WGC,Total Hours,74,74,68,67,68,70,68,67,84,84,90,90,90,90,542,542,540,2,0,2,,
,511,Wisbech,09:30-11:30,2,1,2,1,2,1,2,2,2,3,3,3,2,1,,,,,,,,
,511,Wisbech,11.30-13.30,2,2,2,2,2,3,2,2,2,3,3,3,2,2,,,,,,,,
,511,Wisbech,13.30-15.30,2,2,2,2,2,2,2,2,2,2,2,2,1,2,,,,,,,,
,511,Wisbech,Total Hours,12,10,12,10,12,12,12,12,12,16,16,16,10,10,86,86,87,-1,0,-1,,
,290,Witham,09.30-11.30,5,4,4,3,4,3,4,4,5,5,5,4,5,4,,,,,,,,
,290,Witham,11.30-13.30,5,6,4,5,4,5,4,6,5,5,5,7,5,6,,,,,,,,
,290,Witham,13.30-15.30,4,3,4,4,3,3,4,3,4,4,5,4,5,4,,,,,,,,
,290,Witham,Total Hours,28,26,24,24,22,22,24,26,28,28,30,30,30,28,184,186,185,1,-2,-1,,
,367,Woking,05.30-7.30,7,7,7,7,6,6,5,5,7,7,6,6,6,6,,,,,,,,
,367,Woking,07.30-9.30,9,9,9,9,7,7,8,8,9,9,10,10,10,10,,,,,,,,
,367,Woking,09.30-11.30,9,9,9,9,7,7,8,8,9,9,10,10,10,10,,,,,,,,
,367,Woking,11.30-13.30,9,9,9,9,7,7,7,7,9,9,10,10,10,10,,,,,,,,
,367,Woking,13.30-15.30,8,8,7,7,6,6,7,7,9,9,10,10,10,10,,,,,,,,
,367,Woking,15.30-17.30,7,7,6,6,5,5,6,6,7,7,7,7,6,6,,,,,,,,
,367,Woking,17.30-19.30,5,5,4,4,5,5,4,4,3,3,5,5,4,4,,,,,,,,
,367,Woking,Total Hours,108,108,102,102,86,86,90,90,106,106,116,116,112,112,720,720,720,0,0,0,,
,641,Worthing,07.30-9.30,4,4,4,4,6,5,4,4,6,6,5,5,5,5,,,,,,,,
,641,Worthing,09.30-11.30,5,5,4,4,4,5,4,4,6,6,5,5,5,5,,,,,,,,
,641,Worthing,11.30-13.30,5,5,4,4,4,4,4,4,4,4,5,5,5,5,,,,,,,,
,641,Worthing,13.30-15.30,5,5,4,4,3,3,4,4,4,4,5,5,4,4,,,,,,,,
,641,Worthing,15.30-17.30,3,3,3,3,3,3,3,3,3,3,4,4,3,3,,,,,,,,
,641,Worthing,Total Hours,44,44,38,38,40,40,38,38,46,46,48,48,44,44,298,298,299,-1,0,-1,,
,439,Gorleston,09:30-11:30,1,1,1,1,1,1,1,1,1,1,1,1,1,1,,,,,,,,
,439,Gorleston,11.30-13.30,1,1,1,1,1,1,1,1,2,2,1,1,1,1,,,,,,,,
,439,Gorleston,13.30-15.30,1,1,1,1,1,1,1,1,2,2,1,1,1,1,,,,,,,,
,439,Gorleston,Total Hours,6,6,6,6,6,6,6,6,10,10,6,6,6,6,46,46,47,-1,0,-1,,
,640,Verwood,07.30-9.30,2,2,2,1,2,2,2,1,2,2,2,2,2,1,,,,,,,,
,640,Verwood,09.30-11.30,2,2,1,1,1,2,1,1,2,2,2,2,2,1,,,,,,,New starter being recruited ,
,640,Verwood,11.30-13.30,1,1,1,1,1,1,1,1,1,1,1,1,1,1,,,,,,,,
,640,Verwood,Total Hours,10,10,8,6,8,10,8,6,10,10,10,10,10,6,58,64,65,-1,-6,-7,,
,672,Oxford,05.30-7.30,1,1,1,1,1,1,1,1,1,1,1,1,1,1,,,,,,,,
,672,Oxford,07.30-9.30,2,2,2,2,2,2,2,2,2,2,2,2,2,2,,,,,,,,
,672,Oxford,09.30-11.30,1,1,1,1,2,2,1,1,2,2,2,2,2,2,,,,,,,,
,672,Oxford,11.30-13.30,1,1,1,1,0,0,1,1,2,2,2,2,2,2,,,,,,,,
,672,Oxford,13.30-15.30,1,1,1,1,0,0,1,1,1,1,1,1,1,1,,,,,,,,
,672,Oxford,Total Hours,12,12,12,12,10,10,12,12,16,16,16,16,16,16,94,94,94,0,0,0,,
,302,Acton,05.30-7.30,5,5,5,4,4,4,5,5,5,5,6,6,5,6,,,,,,,,
,302,Acton,07.30-9.30,5,6,6,6,5,5,5,6,7,7,8,8,8,8,,,,,,,,
,302,Acton,09.30-11.30,6,6,6,6,5,5,6,6,7,7,8,8,8,8,,,,,,,,
,302,Acton,11.30-13.30,6,6,6,6,5,5,5,5,7,8,8,8,8,7,,,,,,,,
,302,Acton,13.30-15.30,5,3,5,5,5,5,5,4,6,5,7,6,7,6,,,,,,,,
,302,Acton,15.30-17.30,4,4,4,4,5,5,4,4,5,5,6,6,5,6,,,,,,,,
,302,Acton,17.30-19.30,3,4,3,4,4,4,3,3,4,4,4,5,5,5,,,,,,,,
,302,Acton,Total Hours,68,68,70,70,66,66,66,66,82,82,94,94,92,92,538,538,521,17,0,17,,
,296,Becontree Heath,05.30-7.30,2,2,3,3,2,2,3,3,3,3,4,4,4,4,,,,,,,,
,296,Becontree Heath,07.30-9.30,3,2,3,3,3,3,3,3,4,4,4,4,4,4,,,,,,,,
,296,Becontree Heath,09.30-11.30,3,3,3,3,3,3,3,3,4,4,4,4,4,4,,,,,,,,
,296,Becontree Heath,11.30-13.30,3,3,3,3,3,3,3,3,4,4,4,4,4,4,,,,,,,,
,296,Becontree Heath,13.30-15.30,3,3,2,3,2,3,2,3,2,3,3,3,3,3,,,,,,,,
,296,Becontree Heath,15.30-17.30,2,2,2,2,2,2,2,2,2,2,3,3,3,3,,,,,,,,
,296,Becontree Heath,17.30-19.30,2,2,2,1,1,1,1,1,2,2,2,2,2,2,,,,,,,,
,296,Becontree Heath,Total Hours,36,34,36,36,32,34,34,36,42,44,48,48,48,48,280,276,276,0,4,4,,
,191,Canning Town,05.30-7.30,4,4,3,3,3,3,3,2,3,3,2,2,0,,,,,,,,,
,191,Canning Town,07.30-9.30,5,5,4,4,4,4,4,4,4,4,4,4,0,,,,,,,,,
,191,Canning Town,09.30-11.30,5,5,4,4,4,4,4,4,4,4,4,4,6,6,,,,,,,,
,191,Canning Town,11.30-13.30,4,4,4,4,4,4,3,4,3,3,4,4,6,6,,,,,,,,
,191,Canning Town,13.30-15.30,3,3,3,3,3,3,3,3,3,3,4,4,5,5,,,,,,,,
,191,Canning Town,15.30-17.30,3,3,3,3,2,2,3,3,3,3,3,3,5,5,,,,,,,,
,191,Canning Town,17.30-19.30,2,2,2,2,2,2,2,2,2,2,2,2,0,,,,,,,,,
,191,Canning Town,Total Hours,52,52,46,46,44,44,44,44,44,44,46,46,44,44,320,320,320,0,0,0,,
,1,Chingford,05.30-7.30,6,6,6,5,6,6,6,6,7,7,8,8,6,7,,,,,,,,
,1,Chingford,07.30-9.30,8,8,7,8,8,8,8,8,11,11,12,12,12,11,,,,,,,,
,1,Chingford,09.30-11.30,8,8,7,7,8,7,8,8,11,11,12,12,12,12,,,,,,,,
,1,Chingford,11.30-13.30,8,8,7,7,7,7,7,7,9,9,12,12,12,12,,,,,,,,
,1,Chingford,13.30-15.30,8,8,7,7,6,7,7,7,8,8,10,10,9,9,,,,,,,,
,1,Chingford,15.30-17.30,6,6,6,6,5,5,5,5,6,6,6,6,5,5,,,,,,,,
,1,Chingford,17.30-19.30,4,4,5,5,4,4,4,4,4,4,4,4,4,4,,,,,,,,
,1,Chingford,Total Hours,96,96,90,90,88,88,90,90,112,112,128,128,120,120,724,724,724,4,0,0,,
,576,Croydon,05.30-7.30,5,5,7,6,6,6,6,6,8,6,9,7,8,6,,,,,,,,
,576,Croydon,07.30-9.30,11,11,10,10,9,9,9,10,12,12.5,12,13,13,13,,,,,,,,
,576,Croydon,09.30-11.30,12,12,10,10.5,10,10,10,10,12,13,12,13,13,14,,,,,,,,
,576,Croydon,11.30-13.30,12,12,10,11,10,10,10,10,12,13,13,14,15,15,,,,,,,,
,576,Croydon,13.30-15.30,11,12,9,9,9,9,10,10,14,14,13,13,15,15,,,,,,,,
,576,Croydon,15.30-17.30,8,8,7,7,8,8,8,8,10,10,12,11.5,8,9,,,,,,,,
,576,Croydon,17.30-19.30,5,5,6,6,6,6,5,6,6,6,7,7,7,7,,,,,,,,
,576,Croydon,Total Hours,128,130,118,119,116,116,116,120,148,149,156,157,158,158,949,940,941,-1,9,8,,
,309,London Stratford,05.30-7.30,6,6,6,6,5,5,5,5,7,7,8,8,7,7,,,,,,,,
,309,London Stratford,07.30-9.30,8,8,7,7,5,5,7,7,9,9,10,10,10,10,,,,,,,,
,309,London Stratford,09.30-11.30,8,8,7,7,5,5,7,7,9,9,10,10,10,10,,,,,,,,
,309,London Stratford,11.30-13.30,7,7,6,6,6,6,6,6,8,8,10,10,10,10,,,,,,,,
,309,London Stratford,13.30-15.30,6,6,6,6,6,6,6,6,7,7,9,9,9,9,,,,,,,,
,309,London Stratford,15.30-17.30,6,6,5,5,6,6,6,6,7,7,7,7,7,7,,,,,,,,
,309,London Stratford,17.30-19.30,4,4,4,4,3,3,4,4,4,4,4,4,4,4,,,,,,,,
,309,London Stratford,Total Hours,90,90,82,82,72,72,82,82,102,102,116,116,114,114,658,658,657,1,0,1,,
,306,Peckham,05.30-7.30,3,3,3,3,3,3,3,3,4,4,4,4,3,3,,,,,,,,
,306,Peckham,07.30-9.30,4,4,4,4,4,4,4,4,5,5,4,4,4,4,,,,,,,,
,306,Peckham,09.30-11.30,4,4,4,4,4,4,4,4,5,5,4,4,4,4,,,,,,,,
,306,Peckham,11.30-13.30,4,4,4,4,4,4,4,4,5,5,5,5,5,5,,,,,,,,
,306,Peckham,13.30-15.30,4,4,4,4,4,4,4,4,4,4,5,5,4,4,,,,,,,,
,306,Peckham,15.30-17.30,4,4,3,3,4,4,4,4,4,4,4,4,4,4,,,,,,,,
,306,Peckham,17.30-19.30,3,3,3,3,3,3,3,3,3,3,3,3,3,3,,,,,,,,
,306,Peckham,Total Hours,52,52,50,50,52,52,52,52,60,60,58,58,54,54,378,388,377,11,-10,1,,
,307,Queensbury,05.30-7.30,5,4,5,4,5,4,5,4,5,4,5,5,5,4,,,,,,,,
,307,Queensbury,07.30-9.30,5,5,5,5,6,6,6,6,7,6,7,6,7,7,,,,,,,,
,307,Queensbury,09.30-11.30,6,6,6,7,6,6,6,7,7,7,7,8,7,8,,,,,,,,
,307,Queensbury,11.30-13.30,6,6,6,5,5,6,5,5,6,8,7,9,7,8,,,,,,,,
,307,Queensbury,13.30-15.30,6,7,5,6,5,6,6,6,6,7,6,5,5,8,,,,,,,,
,307,Queensbury,15.30-17.30,5,5,5,5,5,5,5,5,5,4,6,4,5,8,,,,,,,,
,307,Queensbury,17.30-19.30,4,4,4,4,4,3,4,4,4,4,5,3,4,4,,,,,,,,
,307,Queensbury,Total Hours,74,74,72,72,72,72,74,74,80,80,86,80,80,94,546,538,539,-1,8,7,,
,447,Welling,05.30-7.30,5,5,5,5,4,4,4,4,5,5,7,7,5,5,,,,,,,,
,447,Welling,07.30-9.30,6,6,6,6,5,5,5,5,6,6,7,7,8,8,,,,,,,,
,447,Welling,09.30-11.30,6,5,6,5,5,5,6,6,7,7,8,8,8,7,,,,,,,,
,447,Welling,11.30-13.30,6,6,6,6,5,5,6,6,7,7,8,8,8,8,,,,,,,,
,447,Welling,13.30-15.30,6,6,5,5,5,5,5,5,7,7,8,7,7,6,,,,,,,,
,447,Welling,15.30-17.30,4,5,4,4,4,4,4,4,6,6,5,6,4,5,,,,,,,,
,447,Welling,17.30-19.30,4,4,3,3,3,3,3,3,4,5,4,4,3,4,,,,,,,,
,447,Welling,Total Hours,74,74,70,68,62,62,66,66,84,86,94,94,86,86,536,536,535,1,0,1,,
,356,Oxted,09.30-11.30,3,4,3,3,3,3,3,3,5,4,4,4,5,3,,,,,,,,
,356,Oxted,11.30-13.30,5,5,4,5,3,4,3,4,5,5,4,5,5,5,,,,,,,,
,356,Oxted,13.30-15.30,5,4,4,4,2,2,2,3,2,4,2,2,4,4,,,,,,,,
,356,Oxted,Total Hours,26,26,22,24,16,18,16,20,24,26,20,22,28,24,160,152,151,1,8,9,,
,298,Gravesend,05.30-7.30,5,5,4,4,4,4,4,4,5,5,6,6,5,5,,,,,,,,
,298,Gravesend,07.30-9.30,7,7,7,7,8,8,9,9,11,11,11,11,10,10,,,,,,,,
,298,Gravesend,09.30-11.30,10,10,9,9,8,8,9,9,11,11,11,11,13,13,,,,,,,,
,298,Gravesend,11.30-13.30,10,10,9,9,8,8,9,9,11,11,12,12,13,13,,,,,,,,
,298,Gravesend,13.30-15.30,7,7,6,6,7,7,7,7,8,8,12,12,11,11,,,,,,,,
,298,Gravesend,15.30-17.30,5,5,6,6,5,5,5,5,7,7,7,7,6,6,,,,,,,,
,298,Gravesend,17.30-19.30,3,3,2,2,2,2,3,3,3,3,6,6,4,4,,,,,,,,
,298,Gravesend,Total Hours,94,94,86,86,84,84,92,92,112,112,130,130,124,124,722,722,723,-1,0,-1,,
,549,Harrow,05.30-7.30,3,3,3,3,3,3,3,3,3,3,4,4,0,0,,,,,,,,
,549,Harrow,07.30-9.30,3,3,3,3,3,3,3,3,4,4,4,4,5,5,,,,,,,,
,549,Harrow,09.30-11.30,3,3,3,3,3,3,3,3,4,4,4,4,5,5,,,,,,,,
,549,Harrow,11.30-13.30,3,3,3,3,3,3,3,3,4,4,4,4,5,5,,,,,,,,
,549,Harrow,13.30-15.30,2,2,2,2,3,3,3,3,4,4,3,3,3,3,,,,,,,,
,549,Harrow,15.30-17.30,2,2,2,2,2,2,3,3,3,3,3,3,2,2,,,,,,,,
,549,Harrow,17.30-19.30,2,2,1,1,2,2,2,2,2,2,2,2,0,0,,,,,,,,
,549,Harrow,Total Hours,36,36,34,34,38,38,40,40,48,48,48,48,40,40,284,284,283,1,0,1,,